City,Lat,Lng,Max Temp,Humidity,Cloudiness,Wind Speed,country,Date
Hilo,19.7297,-155.09,76.24,91,98,1.99,US,1627002232
Klaksvík,62.2266,-6.589,49.12,92,88,9.82,FO,1627002232
Mataura,-46.1927,168.8643,49.48,75,18,3.06,NZ,1627002232
Lorengau,-2.0226,147.2712,84.16,74,40,6.82,PG,1627002232
Camargo,27.6667,-105.1667,85.06,30,70,12.73,MX,1627002233
Bhānvad,21.9264,69.7736,81.36,87,100,14.03,IN,1627002233
Muros,42.7762,-9.0603,66.83,90,99,5.01,ES,1627002233
Bluff,-46.6,168.3333,49.8,65,78,11.23,NZ,1627002234
Thompson,55.7435,-97.8558,83.89,40,0,11.03,CA,1627002183
Fort Nelson,58.8053,-122.7002,56.89,93,100,7.4,CA,1627002116
Khatanga,71.9667,102.5,63.77,61,100,9.93,RU,1627002185
Nosy Varika,-20.5833,48.5333,65.41,87,39,3.71,MG,1627002234
Norman Wells,65.282,-126.8329,77.86,48,41,9.31,CA,1627002234
Port Elizabeth,-33.918,25.5701,46.09,70,89,15.12,ZA,1627002100
Fortuna,40.5982,-124.1573,81.19,67,20,17.27,US,1627002235
Westport,41.1415,-73.3579,77.14,76,1,1.99,US,1627002235
Mahébourg,-20.4081,57.7,70.25,70,38,15.99,MU,1627002235
Busselton,-33.65,115.3333,55.09,78,92,24.63,AU,1627002236
Qaanaaq,77.484,-69.3632,43.75,71,8,4.9,GL,1627002236
Kyabram,-36.3167,145.05,46.87,95,100,8.19,AU,1627002236
Moyale,3.5167,39.0584,63.59,72,0,11.07,KE,1627002237
Jamestown,42.097,-79.2353,64.51,67,1,1.81,US,1627002161
Rocha,-34.4833,-54.3333,49.82,75,100,7.18,UY,1627002237
Carnarvon,-24.8667,113.6333,66.11,75,99,12.64,AU,1627002237
Bichena,10.45,38.2,53.35,90,100,1.68,ET,1627002238
Grindavik,63.8424,-22.4338,55.56,100,90,19.57,IS,1627002238
Esperance,-33.8667,121.9,53.44,64,100,23.94,AU,1627001982
Bredasdorp,-34.5322,20.0403,45.43,79,100,3.02,ZA,1627002238
Shenjiamen,29.9576,122.298,79.32,85,65,20.96,CN,1627002238
Soyo,-6.1349,12.3689,70.36,85,30,4.52,AO,1627002239
Vaini,-21.2,-175.2,80.76,83,20,5.75,TO,1627001984
Hobart,-42.8794,147.3294,57.22,58,40,1.99,AU,1627002021
Faanui,-16.4833,-151.75,78.01,69,10,14.54,PF,1627002239
Punta Arenas,-53.15,-70.9167,40.3,77,100,20.0,CL,1627002240
Ushuaia,-54.8,-68.3,34.77,92,100,6.4,AR,1627002097
San Cristobal,7.7669,-72.225,65.43,97,100,3.76,VE,1627002240
Hermanus,-34.4187,19.2345,43.9,73,68,9.75,ZA,1627002240
Taoudenni,22.6783,-3.9836,98.87,19,0,7.54,ML,1627002240
Castro,-24.7911,-50.0119,48.15,58,0,3.29,BR,1627002241
San Patricio,28.017,-97.5169,85.86,69,87,12.73,US,1627002241
Kisoro,-1.2854,29.685,58.15,62,79,1.43,UG,1627002241
Avera,33.194,-82.5271,83.71,72,96,4.85,US,1627002242
Ust-Kuyga,70.0167,135.6,62.91,52,6,8.81,RU,1627002242
Aklavik,68.2191,-135.0107,62.08,54,67,19.57,CA,1627002242
Chokurdakh,70.6333,147.9167,53.01,48,0,8.66,RU,1627002243
Tawang Town,27.5833,91.8667,61.48,86,74,1.9,IN,1627002243
Albany,42.6001,-73.9662,70.63,63,100,3.0,US,1627002243
Ulaangom,49.9811,92.0667,79.18,32,100,4.34,MN,1627002243
Kasongo-Lunda,-6.4667,16.8167,66.61,31,62,1.41,CD,1627002244
Butaritari,3.0707,172.7902,83.41,76,100,15.77,KI,1627002244
Lagoa,39.05,-27.9833,67.69,77,19,11.18,PT,1627002184
Torbay,47.6666,-52.7314,52.57,99,90,11.5,CA,1627002245
Arraial do Cabo,-22.9661,-42.0278,68.36,75,17,10.51,BR,1627002245
Ilulissat,69.2167,-51.1,44.62,81,100,3.44,GL,1627002245
Forsytheganj,52.6333,29.7333,53.31,88,6,5.73,BY,1627002246
Dikson,73.5069,80.5464,38.5,96,99,15.99,RU,1627002246
Agirish,61.9247,63.0231,53.19,98,100,13.22,RU,1627002246
Srandakan,-7.9386,110.2506,79.5,77,6,3.67,ID,1627002247
Ulladulla,-35.35,150.4667,55.87,56,96,5.53,AU,1627002247
Sabha,27.0377,14.4283,81.28,34,0,11.77,LY,1627002247
Belyy Yar,53.6039,91.3903,67.89,73,0,4.47,RU,1627002248
Khorinsk,52.1657,109.7726,72.46,55,0,8.19,RU,1627002248
Tuktoyaktuk,69.4541,-133.0374,46.35,83,48,19.04,CA,1627002248
Lata,40.1629,-8.3327,63.05,97,99,0.83,PT,1627002200
Avarua,-21.2078,-159.775,78.85,78,75,11.5,CK,1627002249
Poum,-20.2333,164.0167,71.51,71,1,2.37,NC,1627002249
Quatre Cocos,-20.2078,57.7625,70.09,70,27,15.77,MU,1627002249
Swanton,41.5887,-83.8911,72.09,73,1,3.44,US,1627002250
Yangi Marg`ilon,40.4272,71.7189,74.62,40,0,6.91,UZ,1627002250
Kiryat Gat,31.61,34.7642,75.9,100,31,4.61,IL,1627002123
Bathsheba,13.2167,-59.5167,80.51,86,100,17.85,BB,1627002067
Puerto Ayora,-0.7393,-90.3518,72.55,88,100,5.01,EC,1627002185
George Town,5.4112,100.3354,84.88,77,20,1.99,MY,1627002040
Cabo San Lucas,22.8909,-109.9124,98.51,68,0,10.11,MX,1627002002
East London,-33.0153,27.9116,52.68,69,95,20.74,ZA,1627002121
Nakuru,-0.2833,36.0667,55.36,86,32,4.54,KE,1627002251
Cape Town,-33.9258,18.4232,48.11,79,0,1.99,ZA,1627002084
Narsaq,60.9167,-46.05,46.62,95,100,6.55,GL,1627002251
Springville,40.1652,-111.6107,92.95,35,75,5.75,US,1627002252
Laas,46.6166,10.7002,57.61,84,0,3.31,IT,1627002252
Sisimiut,66.9395,-53.6735,42.96,93,100,2.06,GL,1627002252
Hithadhoo,-0.6,73.0833,80.82,76,100,10.85,MV,1627002252
Beringovskiy,63.05,179.3167,47.52,91,100,8.7,RU,1627002253
Richards Bay,-28.783,32.0377,53.51,41,1,12.91,ZA,1627002253
Ancud,-41.8697,-73.8203,46.22,86,100,6.91,CL,1627002206
Saint-Joseph,-21.3667,55.6167,64.78,74,24,12.24,RE,1627002253
Tatuí,-23.3556,-47.8569,55.98,89,0,7.96,BR,1627002254
Pierre,44.3683,-100.351,99.99,36,7,3.0,US,1627002062
Alta Floresta,-9.8756,-56.0861,73.81,36,0,3.91,BR,1627002005
Anadyr,64.75,177.4833,57.7,62,0,8.95,RU,1627002254
Mount Isa,-20.7333,139.5,76.77,22,6,9.22,AU,1627002255
Havøysund,70.9963,24.6622,43.68,79,100,19.91,NO,1627002255
Ostrovnoy,68.0531,39.5131,40.71,89,100,19.98,RU,1627002255
Sibolga,1.7427,98.7792,79.34,78,100,1.79,ID,1627002256
Kualakapuas,-3.0091,114.3876,78.96,71,100,3.49,ID,1627002256
Pisco,-13.7,-76.2167,62.65,77,90,11.5,PE,1627002256
Chui,-33.6971,-53.4616,50.32,77,100,5.86,UY,1627002256
Voi,-3.3945,38.563,66.99,85,63,10.4,KE,1627002257
Malanje,-9.5402,16.341,59.74,22,47,3.38,AO,1627002257
Quang Ngai,15.1167,108.8,82.67,66,100,5.17,VN,1627002257
Maniitsoq,65.4167,-52.9,40.32,98,100,14.88,GL,1627002258
Atuona,-9.8,-139.0333,77.47,72,96,10.25,PF,1627002258
Rikitea,-23.1203,-134.9692,73.51,73,0,19.33,PF,1627002258
Xihe,31.6864,113.4659,81.21,85,81,8.41,CN,1627002258
Kadaya,50.9327,119.2911,70.54,90,100,7.11,RU,1627002259
Taltal,-25.4,-70.4833,56.62,78,11,5.19,CL,1627002259
Nikolskoye,59.7035,30.7861,60.8,80,100,5.37,RU,1627002259
Constitución,-35.3333,-72.4167,53.4,84,100,6.71,CL,1627001984
Presidencia Roque Sáenz Peña,-26.7852,-60.4388,63.23,44,0,6.73,AR,1627002260
Hinton,53.4001,-117.5857,64.11,32,100,13.89,CA,1627002034
Lebu,-37.6167,-73.65,50.0,86,100,6.93,CL,1627002188
Salalah,17.0151,54.0924,78.89,94,90,9.22,OM,1627002260
New Norfolk,-42.7826,147.0587,55.71,59,47,3.0,AU,1627002260
Esik,43.3552,77.4525,62.02,44,1,4.52,KZ,1627002261
Longyearbyen,78.2186,15.6401,41.59,82,39,2.42,SJ,1627002189
Saiha,22.4833,92.9667,72.43,99,100,2.37,IN,1627002261
Kyaukse,21.6,96.1333,78.8,83,75,8.05,MM,1627002261
Vardø,70.3705,31.1107,45.34,81,100,31.32,NO,1627002262
Bethel,41.3712,-73.414,73.72,78,20,0.0,US,1627002221
Rundu,-17.9333,19.7667,43.9,20,32,7.0,NA,1627002262
Mounana,-1.4085,13.1586,74.25,71,100,4.88,GA,1627002262
Upernavik,72.7868,-56.1549,41.0,93,100,1.39,GL,1627002263
Wanning,18.8003,110.3967,84.2,74,92,4.74,CN,1627002263
Makat,47.6469,53.3463,85.15,32,77,9.26,KZ,1627002263
Kholm,59.2667,32.85,53.13,96,100,3.91,RU,1627002264
Tasiilaq,65.6145,-37.6368,42.96,97,100,2.66,GL,1627002264
Port-Gentil,-0.7193,8.7815,74.14,79,100,11.63,GA,1627002264
Inhambane,-23.865,35.3833,66.09,66,0,15.28,MZ,1627002265
Tiksi,71.6872,128.8694,45.46,77,100,8.41,RU,1627002265
Ahipara,-35.1667,173.1667,58.89,65,0,7.92,NZ,1627002265
Cidreira,-30.1811,-50.2056,58.59,86,83,14.65,BR,1627002201
Kapaa,22.0752,-159.319,87.78,83,75,1.99,US,1627002266
Leningradskiy,69.3833,178.4167,39.94,83,100,11.52,RU,1627002266
Meulaboh,4.1363,96.1285,78.26,83,57,2.39,ID,1627002266
Ponta do Sol,32.6667,-17.1,74.03,81,11,7.47,PT,1627002266
Gamba,-2.65,10.0,71.64,79,100,5.08,GA,1627002267
Yulara,-25.2406,130.9889,58.03,45,5,4.7,AU,1627002267
Chuguyevka,44.1653,133.8633,89.74,53,6,1.72,RU,1627002267
Arman',59.7,150.1667,54.81,91,100,0.74,RU,1627002268
Nishihara,26.1842,127.7558,80.65,97,90,25.32,JP,1627002268
Leshukonskoye,64.8989,45.7622,44.49,98,66,2.48,RU,1627002268
Geraldton,-28.7667,114.6,59.13,94,90,5.75,AU,1627002269
Opuwo,-18.0607,13.84,55.63,28,0,8.37,NA,1627002269
Dingle,10.9995,122.6711,82.83,78,100,19.24,PH,1627002269
Puerto Carreño,6.189,-67.4859,77.7,88,94,3.42,CO,1627002269
Jasper,37.2001,-94.3502,83.14,62,5,4.25,US,1627002012
Kaya,13.0917,-1.0844,82.2,60,84,13.85,BF,1627002270
Sakaiminato,35.55,133.2333,81.91,67,100,4.68,JP,1627002270
Touros,-5.1989,-35.4608,74.3,83,10,14.14,BR,1627002270
Pangody,65.85,74.4859,56.08,63,100,8.46,RU,1627002271
Nelson Bay,-32.7167,152.15,64.11,57,67,1.99,AU,1627002271
Anklam,53.8564,13.6897,57.06,91,0,5.14,DE,1627002271
Ibrā’,22.6906,58.5334,86.54,57,3,2.84,OM,1627002272
Viedma,-40.8135,-62.9967,54.57,40,100,9.04,AR,1627002272
Port Alfred,-33.5906,26.891,52.77,69,98,23.06,ZA,1627002272
Haines Junction,60.7522,-137.5108,63.95,47,13,9.48,CA,1627002273
Yar-Sale,66.8333,70.8333,52.63,59,100,7.23,RU,1627002273
Panama City,8.9936,-79.5197,82.38,83,40,4.61,PA,1627002273
Trat,12.5,102.5,77.76,92,100,6.35,TH,1627002274
Chaplynka,46.3651,33.5403,66.69,60,53,12.82,UA,1627002274
Marsá Maţrūḩ,31.3525,27.2453,78.71,78,0,11.95,EG,1627002274
Swift Current,50.2834,-107.8014,88.36,18,6,8.59,CA,1627002252
Severo-Kuril'sk,50.6789,156.125,56.17,85,62,5.48,RU,1627002275
Katherine,-14.4667,132.2667,79.12,44,24,8.05,AU,1627002275
São Gabriel da Cachoeira,-0.1303,-67.0892,72.52,96,68,1.95,BR,1627002275
Antalaha,-14.9003,50.2788,67.77,86,34,8.5,MG,1627002276
Barrow,71.2906,-156.7887,39.22,81,90,13.8,US,1627002276
Peleduy,59.6289,112.7406,71.15,70,92,6.13,RU,1627002276
Cayenne,4.9333,-52.3333,80.1,85,9,0.0,GF,1627002276
Manaus,-3.1019,-60.025,82.89,83,40,3.44,BR,1627002196
Jūnāgarh,19.8667,82.9333,77.85,89,100,5.23,IN,1627002277
Charlestown,-32.95,151.6667,63.86,60,57,4.45,AU,1627002277
Waggaman,29.9185,-90.2109,87.98,69,75,1.01,US,1627002278
Mareeba,-17.0,145.4333,79.32,70,46,2.28,AU,1627002278
Gmina Opole Lubelskie,51.1478,21.969,66.16,68,100,3.89,PL,1627002278
Muscatine,41.4667,-91.1335,81.99,74,1,0.0,US,1627002278
Pevek,69.7008,170.3133,42.26,69,5,7.02,RU,1627001982
Auch,43.65,0.5833,76.91,64,0,3.0,FR,1627002279
Caravelas,-17.7125,-39.2481,70.59,64,79,7.96,BR,1627002279
Ormara,25.2088,64.6357,83.19,84,99,3.69,PK,1627002130
Yellowknife,62.456,-114.3525,64.92,82,90,1.99,CA,1627002011
Iqaluit,63.7506,-68.5145,49.73,93,90,10.0,CA,1627002280
Margate,51.3813,1.3862,62.04,87,0,1.99,GB,1627002280
Kavieng,-2.5744,150.7967,83.57,74,69,12.19,PG,1627002280
Hue,16.4667,107.6,87.91,58,40,11.5,VN,1627002280
Krithiá,40.8411,22.9778,77.13,70,5,2.42,GR,1627002281
Chiang Klang,19.2938,100.8617,75.02,100,100,1.39,TH,1627002281
Matagami,49.7502,-77.6328,56.75,88,16,2.17,CA,1627002152
Bambous Virieux,-20.3428,57.7575,70.21,70,30,15.97,MU,1627002195
Sitka,57.0531,-135.33,60.69,72,90,4.61,US,1627002282
Qasigiannguit,68.8193,-51.1922,44.85,89,100,0.78,GL,1627002282
Sungai Penuh,-2.0833,101.3833,68.88,86,95,1.36,ID,1627002282
Amahai,-3.3333,128.9167,79.66,81,55,3.06,ID,1627002283
Kutulik,53.3508,102.7839,65.64,68,40,7.34,RU,1627002283
São Geraldo do Araguaia,-6.4006,-48.555,76.73,41,13,3.71,BR,1627002283
Airai,-8.9266,125.4092,71.19,27,15,2.59,TL,1627002283
Piteå,65.3172,21.4794,53.69,66,47,7.7,SE,1627002284
Capinópolis,-18.6819,-49.5697,70.12,39,0,6.69,BR,1627002057
Guerrero Negro,27.9769,-114.0611,75.33,68,100,13.85,MX,1627002284
Törökszentmiklós,47.1833,20.4167,64.45,82,0,4.61,HU,1627002285
Fasa,28.9383,53.6482,84.04,40,3,1.61,IR,1627002285
Mahabalipuram,12.6264,80.1722,82.45,62,100,15.3,IN,1627002285
Bonavista,48.6499,-53.1147,52.12,94,94,11.14,CA,1627002286
Bengkulu,-3.8004,102.2655,77.7,78,100,2.15,ID,1627002286
Utinga,-5.8172,-35.3954,74.25,88,40,5.75,BR,1627002286
Souillac,-20.5167,57.5167,70.36,71,74,14.7,MU,1627002286
Emerald,-23.5333,148.1667,67.33,54,0,19.1,AU,1627002287
North Bend,43.4065,-124.2243,74.25,69,1,20.71,US,1627002287
Cururupu,-1.8283,-44.8683,73.8,93,0,2.53,BR,1627002200
Maragogi,-9.0122,-35.2225,73.53,83,13,11.12,BR,1627002287
Tuatapere,-46.1333,167.6833,49.82,65,17,5.39,NZ,1627002288
Pacifica,37.6138,-122.4869,84.92,81,41,4.0,US,1627002043
Saldanha,-33.0117,17.9442,45.95,72,0,9.69,ZA,1627002289
Pilikwe,-22.799,27.1938,40.73,30,0,6.38,BW,1627002290
Dunedin,-45.8742,170.5036,54.81,57,7,7.0,NZ,1627002292
Rio Grande,-32.035,-52.0986,52.95,84,99,9.71,BR,1627002292
Vila Franca do Campo,37.7167,-25.4333,64.81,82,18,4.25,PT,1627002292
Los Llanos de Aridane,28.6585,-17.9182,69.55,84,0,19.57,ES,1627002293
Moindou,-21.6924,165.677,76.95,67,58,5.21,NC,1627002293
Mananjary,-21.2167,48.3333,63.9,93,13,4.94,MG,1627002293
Lázaro Cárdenas,17.9583,-102.2,83.61,79,12,7.49,MX,1627002295
Bairiki Village,1.3292,172.9752,87.8,70,40,11.5,KI,1627002295
Southern Pines,35.174,-79.3923,81.79,77,1,4.61,US,1627002295
Fairbanks,64.8378,-147.7164,82.4,40,1,12.66,US,1627002232
Poso,-1.3959,120.7524,82.71,69,78,1.92,ID,1627002297
Río Gallegos,-51.6226,-69.2181,37.56,70,100,12.06,AR,1627002297
Saint-François,46.4154,3.9054,60.24,90,0,2.3,FR,1627002298
Salair,54.2312,85.7972,62.38,73,48,3.09,RU,1627002299
Lompoc,34.6391,-120.4579,85.14,77,75,8.99,US,1627002034
Marzuq,14.4,46.4667,77.13,58,69,2.64,YE,1627002299
Wilhelmsburg,48.1057,15.6054,62.62,69,0,2.28,AT,1627002300
Saint-Philippe,-21.3585,55.7679,65.79,77,45,13.22,RE,1627002300
Hong Kong,22.2855,114.1577,88.97,82,58,1.01,HK,1627002073
Ofakim,31.3141,34.6203,73.71,77,19,5.59,IL,1627002307
Samarai,-10.6167,150.6667,79.29,81,88,13.24,PG,1627002307
Hasaki,35.7333,140.8333,86.29,69,91,5.99,JP,1627002307
Isangel,-19.55,169.2667,79.36,75,28,7.05,VU,1627002307
Dawson Creek,55.7666,-120.2362,58.46,58,100,22.95,CA,1627002308
Amazar,53.858,120.875,67.03,99,100,1.9,RU,1627002309
Gornopravdinsk,60.05,69.9,69.93,79,37,10.49,RU,1627002313
Vestmanna,62.1564,-7.1664,47.32,100,75,1.14,FO,1627002313
Kovernino,57.1253,43.8142,52.45,69,62,4.72,RU,1627002313
Sergeevka,53.88,67.4158,73.18,41,91,12.66,KZ,1627002314
Miraflores,19.2167,-98.8083,63.25,83,86,1.48,MX,1627002314
São José da Coroa Grande,-8.8978,-35.1478,73.8,83,22,11.43,BR,1627002314
Te Anau,-45.4167,167.7167,48.16,72,8,2.08,NZ,1627002314
Etchojoa,26.9167,-109.6333,94.26,62,100,10.71,MX,1627002315
Miranda do Corvo,40.0932,-8.3326,60.8,96,97,2.08,PT,1627002315
Saint Paul Harbor,57.79,-152.4072,52.32,98,100,16.11,US,1627002253
Hualmay,-11.0964,-77.6139,64.08,83,11,9.69,PE,1627002315
Saint George,37.1041,-113.5841,90.19,38,20,14.0,US,1627002316
Cherskiy,68.75,161.3,61.95,68,100,0.98,RU,1627002316
Kavaratti,10.5669,72.642,81.59,81,100,25.77,IN,1627002316
Cabra,37.4725,-4.4421,81.18,35,43,3.78,ES,1627002316
Havre-St-Pierre,50.2334,-63.5986,56.84,91,100,8.39,CA,1627002317
Mauá,-23.6678,-46.4614,60.12,81,66,4.79,BR,1627002317
Kawhia,-38.0651,174.8183,57.38,82,98,7.05,NZ,1627002317
Perelyub,51.8667,50.3667,62.67,72,100,11.07,RU,1627002318
Mossamedes,-15.1961,12.1522,64.87,81,0,4.56,AO,1627002210
College,64.8569,-147.8028,82.38,40,40,9.22,US,1627002318
Orange Cove,36.6244,-119.3137,103.6,15,1,9.22,US,1627002318
Nuevo Progreso,23.1667,-97.95,85.59,79,100,5.86,MX,1627002319
La Ronge,55.1001,-105.2842,77.22,47,40,10.36,CA,1627002211
Namatanai,-3.6667,152.4333,83.77,70,14,6.51,PG,1627002319
Tacoronte,28.4769,-16.4102,65.75,79,90,18.99,ES,1627002319
Kaitangata,-46.2817,169.8464,51.93,52,13,5.08,NZ,1627002320
Lake Charles,30.2131,-93.2044,86.0,79,1,8.05,US,1627002320
Horconcitos,8.4682,-81.8007,69.67,95,100,4.72,PA,1627002320
Kananga,-5.8958,22.4178,68.67,35,0,4.05,CD,1627002320
Teahupoo,-17.8333,-149.2667,76.96,68,1,10.6,PF,1627002321
Puerto Concordia,2.6221,-72.7572,71.49,98,100,2.89,CO,1627002321
Hambantota,6.1241,81.1185,80.94,94,75,8.05,LK,1627002321
Whitehorse,60.7161,-135.0538,68.31,40,93,8.01,CA,1627002322
Dudinka,69.4058,86.1778,54.21,72,63,7.47,RU,1627002322
Port Hedland,-20.3167,118.5667,69.85,64,10,5.75,AU,1627002322
Saskylakh,71.9167,114.0833,66.29,67,53,9.1,RU,1627002323
Kidal,18.4411,1.4078,88.92,33,100,9.44,ML,1627002323
Honiara,-9.4333,159.95,85.86,68,60,6.82,SB,1627002164
Port Hawkesbury,45.6169,-61.3485,62.58,99,90,5.01,CA,1627002324
Comodoro Rivadavia,-45.8667,-67.5,58.86,41,0,13.8,AR,1627002324
Narrabri,-30.3167,149.7833,52.52,71,75,28.77,AU,1627002324
Marialva,-23.485,-51.7917,56.95,37,0,6.2,BR,1627002146
Lüderitz,-26.6481,15.1594,55.35,35,18,7.31,NA,1627002324
Sur,22.5667,59.5289,91.31,55,0,9.13,OM,1627002325
Atasū,48.6814,71.6433,68.67,58,0,7.14,KZ,1627002325
Guatire,10.4762,-66.5427,79.2,98,95,2.59,VE,1627002325
Chaman,30.9236,66.4512,76.69,41,6,6.93,PK,1627002326
Algeciras,36.1333,-5.4505,76.77,90,100,5.01,ES,1627002326
Caraquet,47.7941,-64.9386,60.22,92,75,2.64,CA,1627002326
Ayagoz,47.9714,80.4392,71.31,53,95,6.33,KZ,1627002327
Ndélé,8.4109,20.6473,67.12,98,100,1.92,CF,1627002327
Eureka,40.8021,-124.1637,65.12,69,3,5.99,US,1627002327
Santiago del Estero,-27.7951,-64.2615,65.17,33,0,7.43,AR,1627002327
Flinders,-34.5833,150.8552,57.2,68,85,1.99,AU,1627002328
Manaure,11.7751,-72.4445,80.69,77,89,19.98,CO,1627002328
Hamilton,39.1834,-84.5333,75.22,69,1,0.0,US,1627002328
Brae,60.3964,-1.353,51.71,78,100,6.89,GB,1627002329
La Huaca,-4.9117,-80.96,67.5,76,25,10.69,PE,1627002329
Mujiayingzi,42.1167,118.7833,77.94,56,38,10.87,CN,1627002329
Kamenka,51.3223,42.7678,56.59,86,0,7.2,RU,1627002329
Ngunguru,-35.6167,174.5,55.56,82,35,5.12,NZ,1627002330
Vasylivka,47.4369,35.2742,61.68,63,78,16.96,UA,1627002330
Sørland,67.667,12.6934,49.66,75,100,10.98,NO,1627002330
Malbork,54.0359,19.0266,59.95,88,0,4.36,PL,1627002331
Burgeo,47.6167,-57.6152,57.25,98,100,13.0,CA,1627002331
Avilés,43.5547,-5.9248,64.92,92,90,1.99,ES,1627002331
Deputatsky,69.3,139.9,59.04,55,17,7.2,RU,1627002332
Morgan City,29.6994,-91.2068,84.99,89,1,5.75,US,1627002332
Nortelândia,-14.4547,-56.8028,72.91,37,0,2.77,BR,1627002332
Pecos,31.4229,-103.4932,93.29,22,1,4.61,US,1627002332
Kaduqli,11.0167,29.7167,74.71,81,16,2.39,SD,1627002333
Frederico Westphalen,-27.3592,-53.3944,56.28,75,5,2.55,BR,1627002333
Coahuayana Viejo,18.7333,-103.6833,83.68,83,100,2.57,MX,1627002333
Tilichiki,60.4667,166.1,64.13,55,100,8.14,RU,1627002334
Novoil'insk,51.6829,108.7143,73.0,59,0,5.79,RU,1627002334
Nome,64.5011,-165.4064,52.16,66,75,19.57,US,1627002089
Walvis Bay,-22.9575,14.5053,57.07,59,0,2.24,NA,1627002334
Shelburne,44.0787,-80.2041,67.28,70,100,5.19,CA,1627002335
Ocho Rios,18.4025,-77.1048,81.81,83,34,9.06,JM,1627002335
Muli,2.9167,73.5667,82.67,73,55,11.21,MV,1627002335
Porosozero,62.7191,32.727,46.17,97,58,4.97,RU,1627002336
Kribi,2.95,9.9167,74.71,91,100,7.78,CM,1627002336
Shache,38.4167,77.2406,71.89,54,2,4.12,CN,1627002336
Necochea,-38.5473,-58.7368,51.51,68,100,10.83,AR,1627002208
Pochutla,15.7432,-96.4661,87.62,81,98,2.66,MX,1627002336
Shizunai-furukawachō,42.3339,142.3669,72.75,79,97,5.5,JP,1627002337
Labuhan,-6.8844,112.2051,80.4,75,9,6.42,ID,1627002337
Tual,-5.6667,132.75,75.99,93,100,10.96,ID,1627002338
Ternate,0.8,127.4,82.69,77,22,11.07,ID,1627002338
Chadan,51.2833,91.5833,70.02,72,100,1.52,RU,1627002338
Korla,41.7597,86.1469,88.47,19,99,7.11,CN,1627002338
Trelew,-43.249,-65.3051,54.03,39,100,9.51,AR,1627002339
Fes,34.0372,-4.9998,91.65,31,0,8.05,MA,1627002339
Zhigansk,66.7697,123.3711,65.89,70,100,5.68,RU,1627002219
Mitsuke,37.5333,138.9333,87.6,65,11,3.18,JP,1627002339
Tura,25.5198,90.2201,77.74,92,38,5.01,IN,1627002340
Dawei,14.0833,98.2,78.91,91,100,10.42,MM,1627002340
Kiunga,-6.1219,141.2906,74.88,96,100,4.16,PG,1627002340
Kiama,-34.6833,150.8667,56.37,66,92,5.99,AU,1627002341
Freeport,40.6576,-73.5832,78.78,66,1,1.99,US,1627002234
Ibadan,7.3878,3.8964,70.47,92,100,2.95,NG,1627002341
Samarkand,39.6542,66.9597,72.82,46,8,9.22,UZ,1627002341
Māngrol,21.1167,70.1167,82.38,85,100,18.48,IN,1627002342
Verāval,20.9,70.3667,82.53,86,100,18.72,IN,1627002342
Brus Laguna,15.75,-84.4833,76.75,92,11,3.4,HN,1627002342
Dekar,-21.5333,21.9333,36.27,21,0,8.21,BW,1627002343
Māgadi,12.9667,77.2333,73.45,88,100,14.14,IN,1627002343
Luena,-11.7833,19.9167,50.11,29,2,6.78,AO,1627002343
Kemijärvi,66.7131,27.4306,40.32,95,33,4.65,FI,1627002343
Nyakabindi,-2.6333,33.9833,63.12,59,2,4.81,TZ,1627002344
Saint Anthony,45.0205,-93.218,84.18,63,20,3.0,US,1627002344
Mar del Plata,-38.0023,-57.5575,56.88,55,100,10.0,AR,1627002319
Petropavlovsk-Kamchatskiy,53.0452,158.6483,57.79,94,90,6.71,RU,1627002222
Ambilobe,-13.2,49.05,63.57,79,4,3.4,MG,1627002344
Kapuskasing,49.4169,-82.4331,65.39,65,56,3.71,CA,1627002345
Atar,20.5169,-13.0499,84.38,21,11,3.44,MR,1627002345
Saint-Augustin,51.226,-58.6502,49.05,91,100,13.71,CA,1627002219
Rabo de Peixe,37.8,-25.5833,63.91,77,40,4.61,PT,1627002345
Glamoč,44.0458,16.8486,52.21,85,0,4.07,BA,1627002346
Sioux Lookout,50.1001,-91.917,75.79,59,98,6.53,CA,1627002346
Beidao,34.5686,105.8933,77.45,68,100,9.24,CN,1627002346
Suntar,62.1444,117.6319,70.0,69,100,3.27,RU,1627002347
Puerto del Rosario,28.5004,-13.8627,73.15,68,10,17.27,ES,1627002347
Curillo,1.0333,-75.9191,69.49,97,100,1.1,CO,1627002347
Sittwe,20.15,92.9,81.9,86,98,23.09,MM,1627002347
Kinshasa,-4.3246,15.3215,72.59,61,50,5.57,CD,1627002105
Port Hardy,50.6996,-127.4199,60.98,67,75,5.75,CA,1627002348
Araouane,18.9048,-3.5265,94.03,28,43,7.92,ML,1627002348
Monrovia,6.3005,-10.7969,76.95,81,100,11.1,LR,1627002348
Khasan,42.4308,130.6434,82.4,75,62,4.25,RU,1627002349
Bonthe,7.5264,-12.505,75.96,89,91,6.58,SL,1627002349
Provideniya,64.3833,-173.3,46.51,76,75,15.66,RU,1627002346
Lavrentiya,65.5833,-171.0,43.5,81,99,2.06,RU,1627002349
Kemisē,10.7167,39.8667,68.67,72,98,6.89,ET,1627002350
Mikhaylovka,50.06,43.2379,62.46,77,100,9.28,RU,1627002350
Omagh,54.6,-7.3,62.53,88,99,3.02,GB,1627002350
Salinópolis,-0.6136,-47.3561,78.46,86,28,11.1,BR,1627002351
Mount Gambier,-37.8333,140.7667,46.31,87,90,12.66,AU,1627002351
Innisfail,-17.5333,146.0333,83.88,64,16,3.44,AU,1627002351
São Félix do Xingu,-6.6447,-51.995,81.23,45,95,1.48,BR,1627002352
Boden,65.8252,21.6886,53.6,68,73,5.08,SE,1627002352
Kruisfontein,-34.0033,24.7314,43.88,78,100,5.86,ZA,1627002352
Magdagachi,53.45,125.8,82.42,62,82,11.74,RU,1627002352
Ialibu,-6.2821,143.9935,69.51,62,66,4.27,PG,1627002353
Nanortalik,60.1432,-45.2371,44.31,92,100,7.2,GL,1627002353
Adrar,20.5022,-10.0711,88.14,15,7,10.07,MR,1627002138
Matara,5.9485,80.5353,78.6,89,100,15.39,LK,1627002136
Chester,40.1254,-75.8749,72.41,73,1,0.0,US,1627002353
Dimāpur,25.9,93.7333,80.46,87,61,3.67,IN,1627002354
Deming,32.2687,-107.7586,82.29,36,20,20.71,US,1627002354
Axum,14.1245,38.7244,55.56,91,97,1.45,ET,1627002354
Tabas,33.5959,56.9244,87.87,14,1,4.05,IR,1627002130
Baní,18.2833,-70.3333,82.74,83,1,8.68,DO,1627002355
Mumford,5.2618,-0.759,75.65,84,100,10.16,GH,1627002355
Kashgar,39.4547,75.9797,73.22,61,22,1.9,CN,1627002355
Panabá,21.2833,-88.2667,81.46,76,0,13.8,MX,1627002356
Paka,4.6374,103.4368,81.3,81,94,3.47,MY,1627002356
Odoyev,53.9393,36.6864,49.57,74,3,4.32,RU,1627002356
Irbeyskoye,55.6428,95.4522,64.26,71,3,4.7,RU,1627002356
Korsholm,63.1142,21.6822,58.95,58,0,13.8,FI,1627002295
Alofi,-19.0595,-169.9187,80.49,78,75,10.36,NU,1627002357
Kloulklubed,7.0419,134.2556,88.3,77,61,17.36,PW,1627002357
Gari,59.4307,62.3497,61.3,97,98,7.29,RU,1627002357
Province of Mantua,45.1667,10.7833,73.08,78,5,4.97,IT,1627002358
Gisborne,-38.6533,178.0042,53.94,66,26,9.24,NZ,1627002358
Molėtai,55.2333,25.4167,61.09,96,6,6.38,LT,1627002358
Wairoa,-39.0333,177.3667,56.61,82,96,5.01,NZ,1627002359
Padang,-0.9492,100.3543,80.71,75,58,1.01,ID,1627002359
Kholodnyy,62.7167,147.95,54.54,88,100,5.03,RU,1627002359
Acapulco de Juárez,16.8634,-99.8901,83.64,74,42,7.29,MX,1627002106
Karratha,-20.7377,116.8463,73.36,29,6,12.71,AU,1627002359
Burla,21.5,83.8667,81.34,88,100,1.57,IN,1627002360
Clyde River,70.4692,-68.5914,37.63,93,90,6.91,CA,1627002195
Amherst,41.3978,-82.2224,70.52,71,1,4.61,US,1627002360
Okha,53.5739,142.9478,72.59,69,23,4.47,RU,1627002360
At-Bashi,41.1702,75.8106,58.28,47,2,0.51,KG,1627002361
Changli,39.7042,119.1506,77.54,76,100,1.34,CN,1627002361
Turaif,31.6725,38.6637,74.21,39,0,13.91,SA,1627002361
Olafsvik,64.8945,-23.7142,52.11,97,100,11.3,IS,1627002362
Terney,45.0503,136.6092,81.82,69,44,3.67,RU,1627002362
Santa Maria,-29.6842,-53.8069,56.23,82,100,4.47,BR,1627002362
Suifenhe,44.4,131.1667,85.69,57,100,0.6,CN,1627002363
Batagay-Alyta,67.8006,130.4114,68.79,39,47,5.91,RU,1627002363
Ribeira Grande,38.5167,-28.7,68.67,76,5,7.34,PT,1627002363
Kuah,6.3265,99.8432,84.06,71,66,1.19,MY,1627002364
Honningsvåg,70.9821,25.9704,44.62,77,100,23.31,NO,1627002190
Riyadh,24.6877,46.7219,91.54,29,88,10.2,SA,1627002345
Khor,47.8861,134.9464,89.51,54,89,6.29,RU,1627002364
Derbent,42.0678,48.2899,79.11,72,97,11.32,RU,1627002364
Ucluelet,48.9329,-125.5528,74.05,71,100,1.01,CA,1627002280
Talnakh,69.4865,88.3972,56.88,69,100,1.7,RU,1627002365
Mildura,-34.2,142.15,49.96,76,90,1.14,AU,1627002365
Kailua,21.4022,-157.7394,85.98,63,75,16.11,US,1627002366
Igrim,63.1906,64.4162,51.08,98,100,15.64,RU,1627002366
Bilma,18.6853,12.9164,83.05,58,100,13.06,NE,1627002366
Requena,39.4883,-1.1004,70.72,48,0,1.63,ES,1627002366
Ugoofaaru,5.6667,73.0,82.2,76,100,15.75,MV,1627002367
Fort-Shevchenko,44.5086,50.263,81.25,76,100,16.55,KZ,1627002367
Nantucket,41.2835,-70.0995,72.0,85,40,4.61,US,1627002313
Bauru,-22.3147,-49.0606,60.22,33,0,8.43,BR,1627002367
Waipawa,-41.4122,175.5153,53.02,64,23,4.88,NZ,1627002368
Huron,41.1501,-82.5499,69.73,78,73,3.09,US,1627002368
Marawi,7.9986,124.2928,77.47,68,78,9.33,PH,1627002368
Kantābānji,20.4833,82.9167,77.99,88,100,5.46,IN,1627002369
Bacungan,9.9106,118.7022,85.86,68,100,14.07,PH,1627002126
Yenagoa,4.9247,6.2642,74.71,90,100,4.94,NG,1627002369
La Rioja,42.25,-2.5,65.05,26,17,6.26,ES,1627002369
Büyükçavuşlu,41.2423,28.0646,74.25,72,0,8.05,TR,1627002370
Caraballeda,10.6112,-66.8522,82.36,83,75,2.3,VE,1627002370
Wałcz,53.2779,16.4712,56.1,81,3,0.54,PL,1627002370
Dali,25.7,100.1833,67.23,81,46,2.28,CN,1627002371
Berlevåg,70.8578,29.0864,43.47,81,99,25.72,NO,1627002371
Vostok,46.4856,135.8833,81.57,62,82,2.93,RU,1627002371
San Joaquin,37.9333,-121.3011,100.11,24,1,11.5,US,1627002371
Mackenzie,55.2999,-123.1698,60.62,56,100,10.83,CA,1627002372
Victor Harbor,-35.5667,138.6167,54.46,90,100,4.97,AU,1627002372
Camabatela,-8.1881,15.375,55.94,44,14,2.06,AO,1627002372
Kodīnar,20.7903,70.7031,82.11,86,100,17.72,IN,1627002370
Koungou,-12.7336,45.2042,74.91,78,0,10.36,YT,1627002373
Baruun-Urt,46.6806,113.2792,70.81,64,10,12.1,MN,1627002373
Dryden,49.7833,-92.7503,75.83,60,55,5.01,CA,1627002145
Price,39.5994,-110.8107,85.71,30,65,4.47,US,1627002074
Niamey,13.5137,2.1098,85.19,55,91,14.36,NE,1627002101
Tarakan,3.3,117.6333,81.9,83,40,6.91,ID,1627002374
Caxito,-8.5785,13.6643,70.99,81,99,1.32,AO,1627002374
Quelimane,-17.8786,36.8883,68.47,95,2,2.42,MZ,1627002374
Goderich,43.7501,-81.7165,65.91,63,99,1.66,CA,1627002088
Pāsighāt,28.0667,95.3333,85.62,74,4,0.96,IN,1627002375
Ulkan,57.243,107.3223,64.69,75,32,5.64,RU,1627002375
Søgne,58.0833,7.8167,60.17,1,0,3.0,NO,1627002375
Dongsheng,39.8161,109.9776,69.75,74,100,15.05,CN,1627002376
Grand Gaube,-20.0064,57.6608,70.38,72,15,5.01,MU,1627002376
Bubaque,11.2833,-15.8333,80.26,86,100,16.2,GW,1627002376
Waddān,29.1614,16.139,75.65,61,0,6.46,LY,1627002209
Port Keats,-14.25,129.55,81.99,46,100,2.33,AU,1627002377
The Valley,18.217,-63.0578,80.82,82,0,20.04,AI,1627002377
Khorixas,-20.3667,14.9667,59.36,23,0,9.86,NA,1627002377
Palmer,42.1584,-72.3287,71.2,70,85,2.55,US,1627002377
Gondanglegi,-7.7479,112.0132,80.69,72,9,8.39,ID,1627002378
Tabuk,17.4189,121.4443,83.5,72,100,4.09,PH,1627002378
Gibraltar,36.1447,-5.3526,77.04,88,100,3.91,GI,1627002378
Port Macquarie,-31.4333,152.9167,60.89,55,100,10.27,AU,1627002379
Russell,32.3502,-85.1999,82.8,90,90,4.61,US,1627002379
Staryy Saltiv,50.0827,36.7939,59.58,67,0,8.3,UA,1627002379
Owando,-0.4819,15.8999,79.84,59,100,5.73,CG,1627002380
Tarko-Sale,64.9225,77.785,64.02,67,100,7.29,RU,1627002380
Verkhoyansk,67.5447,133.385,69.94,42,73,1.68,RU,1627002380
Gaziantep,37.0594,37.3825,78.73,47,0,19.57,TR,1627002381
Broome,42.2506,-75.833,65.57,71,1,3.0,US,1627002381
Kenai,60.5544,-151.2583,68.02,72,88,11.92,US,1627002182
Agüimes,27.9054,-15.4461,74.03,31,0,26.46,ES,1627002381
Aksu,41.1231,80.2644,71.6,61,0,5.53,CN,1627002374
Copiapó,-27.3667,-70.3333,59.95,57,2,1.63,CL,1627002382
Katsuura,35.1333,140.3,86.14,69,18,5.39,JP,1627002382
Atbasar,51.8,68.3333,67.66,49,3,6.42,KZ,1627002382
Ouésso,1.6136,16.0517,73.02,84,100,1.99,CG,1627002382
Pangai,-19.8,-174.35,77.16,83,43,9.31,TO,1627002383
Cavite City,14.4825,120.9169,81.21,90,100,15.03,PH,1627002383
Oleksandrivka,46.8383,32.7612,62.15,100,0,11.54,UA,1627002383
Praxédis Guerrero,31.3667,-106.0167,92.66,21,5,7.56,MX,1627002384
Lang Son,21.8333,106.7333,77.14,93,100,4.9,VN,1627002384
Daokou,35.5639,114.5058,71.67,96,100,7.14,CN,1627002384
Svetlaya,46.5389,138.3297,77.52,70,66,5.86,RU,1627002384
Taperoá,-7.2075,-36.8267,65.61,79,6,15.03,BR,1627002385
Oodweyne,9.4092,45.064,74.14,49,89,21.9,SO,1627002385
Smithers,54.7804,-127.1743,58.28,61,84,7.11,CA,1627002373
Muhafazat Lahij,13.1667,44.5833,87.46,46,100,7.23,YE,1627002385
Shubarshi,48.5872,57.1869,80.8,27,13,9.37,KZ,1627002386
San Felipe,10.3399,-68.7425,72.12,99,38,1.66,VE,1627002386
Acajutla,13.5928,-89.8275,87.8,74,100,5.68,SV,1627002386
Pueblo,38.2545,-104.6091,94.01,29,56,1.01,US,1627002199
Codrington,-38.2667,141.9667,44.89,90,100,10.25,AU,1627002384
Atambua,-9.1061,124.8925,79.84,40,17,0.56,ID,1627002387
Chicama,-7.8447,-79.1469,63.14,79,20,4.85,PE,1627002387
Izberbash,42.5696,47.8645,77.05,74,98,13.8,RU,1627002243
San Matías,-16.3667,-58.4,73.71,31,0,1.83,BO,1627002388
Portland,45.5234,-122.6762,83.7,38,1,3.0,US,1627002055
Tot'ma,59.9747,42.7642,51.76,98,100,5.79,RU,1627002388
Maningrida,-12.0667,134.2667,81.39,54,26,5.12,AU,1627002388
Uyuni,-20.4597,-66.825,42.26,26,0,3.11,BO,1627002389
Torrington,41.8007,-73.1212,71.29,77,98,1.99,US,1627002389
Scarborough,54.2797,-0.4044,62.83,88,9,0.38,GB,1627002389
Raudeberg,61.9875,5.1352,54.27,84,0,23.29,NO,1627002390
Maceió,-9.6658,-35.7353,74.64,78,20,4.61,BR,1627002243
Gizo Government Station,-8.103,156.8419,83.57,72,16,5.03,SB,1627002390
Brownwood,31.7093,-98.9912,88.92,51,77,3.51,US,1627002390
Grand-Santi,4.25,-54.3833,74.52,91,63,2.75,GF,1627002391
Blankenberge,51.3131,3.1323,60.98,78,1,1.01,BE,1627002391
São Sebastião,-23.76,-45.4097,60.22,89,17,3.87,BR,1627002391
Greenwood,34.1668,-82.1165,81.19,88,1,0.0,US,1627002351
Mizdah,31.4451,12.9801,71.44,67,0,6.73,LY,1627002392
Progreso,21.2833,-89.6667,88.11,82,0,16.87,MX,1627002187
Mattru,7.6244,-11.8332,73.47,97,98,2.89,SL,1627002392
Mananara,-16.1667,49.7667,66.47,91,32,4.83,MG,1627002392
Inkster,42.2942,-83.3099,73.99,61,90,5.75,US,1627002393
Najrān,17.4924,44.1277,75.74,57,100,16.06,SA,1627002393
Bourail,-21.5667,165.4833,76.62,59,24,2.46,NC,1627002393
Ryōtsu-minato,38.0833,138.4333,81.9,74,8,1.28,JP,1627002393
Arica,-18.475,-70.3042,59.23,77,90,3.44,CL,1627002394
Rochegda,62.8,43.25,49.86,97,100,3.4,RU,1627002394
San Ignacio,17.1561,-89.0714,84.34,65,0,0.0,BZ,1627002394
Natal,-5.795,-35.2094,74.05,88,40,5.75,BR,1627002395
Husavik,66.0449,-17.3389,58.78,75,47,6.49,IS,1627002395
Mnogovershinnyy,53.9353,139.9242,80.13,48,33,1.86,RU,1627002395
Mugumu,-1.85,34.7,59.9,66,0,3.24,TZ,1627002143
Montmagny,48.9734,2.3469,71.02,72,0,3.44,FR,1627002396
Buarcos,40.166,-8.8768,61.79,93,100,2.37,PT,1627002396
Havelock,34.8791,-76.9013,79.03,85,13,1.99,US,1627002396
Belmonte,-15.8631,-38.8828,73.9,75,15,10.74,BR,1627002396
Carandaí,-20.9536,-43.8064,49.86,91,0,3.89,BR,1627002397
Xinmin,41.9908,122.8253,87.3,67,100,9.6,CN,1627002397
Sire,12.9299,5.2043,81.18,65,29,11.68,NG,1627002137
Chapais,49.7834,-74.8492,65.98,60,96,3.62,CA,1627002161
Teya,60.3778,92.6267,68.41,55,0,2.86,RU,1627002397
Turukhansk,65.8167,87.9833,61.68,84,100,2.86,RU,1627002398
Basco,20.4487,121.9702,83.35,81,100,38.52,PH,1627002398
La Asuncion,11.0333,-63.8628,78.75,87,100,13.04,VE,1627002398
Bac Lieu,9.285,105.7244,83.32,75,99,10.83,VN,1627002399
Guilin,25.2819,110.2864,82.51,81,100,3.67,CN,1627002142
Ha Tinh,18.3333,105.9,79.88,86,100,7.23,VN,1627002399
Velsk,61.0701,42.0983,53.26,98,100,4.65,RU,1627002399
